Latitude,Longitude,Year,Month,Day,Season,Line,Station,Anomaly,occurrence,mhw_onset,mhw_end,mhw_dur,int_max,int_mean,int_var,int_cum,mhw_long,mhw_lat,datetime,anoSST,rlduration
32.57842,-122.81173,1984,1,9,4,83.3,90,-0.556261594612317,1,19840105,19840113,9,1.694663999,1.569442725,0.126664056,14.12498452,-122.875,32.625,09-Jan-1984,1.67941269551184,5
33.38824,-124.32289,1984,1,15,4,76.7,100,0.331360377361937,1,19840112,19840116,5,1.385582392,1.264899799,0.084130049,6.324498996,-124.375,33.375,15-Jan-1984,1.60956646234887,4
35.31047,-121.96154,1984,1,17,4,73.3,60,-0.278438994635537,1,19840117,19840121,5,1.223671186,1.108917972,0.07605842,5.544589862,-121.875,35.375,17-Jan-1984,1.19475898540097,1
34.97714,-122.6644,1984,1,17,4,73.3,70,0.0453430450461925,1,19840113,19840124,12,1.724175478,1.442543812,0.215727787,17.31052574,-122.625,34.875,17-Jan-1984,1.59907261055022,5
34.64381,-123.36439,1984,1,17,4,73.3,80,0.167107792617514,1,19840112,19840118,7,2.113540659,1.804949921,0.265699813,12.63464944,-123.375,34.625,17-Jan-1984,1.9907461092285,6
34.31047,-124.06154,1984,1,18,4,73.3,90,-0.340447635779679,1,19840108,19840119,12,1.849507909,1.489176918,0.218647217,17.87012302,-124.125,34.375,18-Jan-1984,1.39941074054036,11
35.21538,-123.77843,1984,1,19,4,70,80,0.319437426106987,1,19840115,19840119,5,1.790233991,1.650354753,0.107611182,8.251773765,-123.875,35.125,19-Jan-1984,1.5809075203779,5
35.54872,-123.07348,1984,1,19,4,70,70,0.0258066028683268,1,19840113,19840119,7,2.015247087,1.685457155,0.244054543,11.79820008,-123.125,35.625,19-Jan-1984,1.44503634978427,7
36.45363,-122.77254,1984,1,20,4,66.7,60,0.168522435362594,1,19840119,19840126,8,1.340712613,1.290581226,0.032685849,10.32464981,-122.875,36.375,20-Jan-1984,1.31043955401318,2
36.04252,-125.34152,1984,2,10,4,63.3,90,-0.0800478455575326,1,19840201,19840211,11,1.924992626,1.696337313,0.167531006,18.65971044,-125.375,36.125,10-Feb-1984,2.11783233543193,10
32.81667,-123.90599,1984,2,18,4,80,100,0.263053482018445,1,19840218,19840223,6,1.674145857,1.461701091,0.179431997,8.770206549,-123.875,32.875,18-Feb-1984,1.87111776857163,1
32.24509,-123.49232,1984,2,18,4,83.3,100,0.0576959606508778,1,19840214,19840221,8,1.778786617,1.512691957,0.187970677,12.10153565,-123.375,32.125,18-Feb-1984,2.12629888046297,5
32.57842,-122.81173,1984,2,19,4,83.3,90,-0.352141611956392,1,19840214,19840219,6,1.481232738,1.359898919,0.114896747,8.159393513,-122.875,32.625,19-Feb-1984,1.40342807197193,6
31.41795,-121.99001,1984,2,20,4,90,90,-0.062803804919676,1,19840218,19840222,5,1.467512431,1.340069765,0.08541203,6.700348824,-121.875,31.375,20-Feb-1984,1.68000807510313,3
31.75128,-121.31559,1984,2,21,4,90,80,0.253557682658829,1,19840218,19840222,5,1.393243371,1.233043081,0.094438725,6.165215405,-121.375,31.875,21-Feb-1984,1.40978003466871,4
34.22509,-119.41124,1984,5,29,1,83.3,40.6,0.00594773742758603,1,19840520,19840531,12,2.056436171,1.788133025,0.240189482,21.45759629,-119.375,34.125,29-May-1984,1.51158148376715,10
33.74509,-120.40923,1984,5,29,1,83.3,55,-0.405825978163417,1,19840526,19840531,6,2.610749209,1.903857362,0.473160825,11.42314417,-120.375,33.625,29-May-1984,1.68465977097552,4
33.87842,-120.13258,1984,7,15,2,83.3,51,0.0928854411571203,1,19840715,19840721,7,3.433474263,2.801011353,0.505219411,19.60707947,-120.125,33.875,15-Jul-1984,1.93751415308421,1
34.17842,-119.50851,1984,7,16,2,83.3,42,-0.043462787918032,1,19840716,19840721,6,2.502069592,2.356852342,0.143109859,14.14111405,-119.625,34.125,16-Jul-1984,1.86395987449029,1
34.22509,-119.41124,1984,7,16,2,83.3,40.6,0.458658332674257,1,19840716,19840721,6,2.041760218,1.860369826,0.112975503,11.16221896,-119.375,34.125,16-Jul-1984,1.60154086122761,1
34.88824,-121.19831,1984,7,21,2,76.7,55,-0.028458365032237,1,19840718,19840726,9,2.788657562,2.065781886,0.414611658,18.59203697,-121.125,34.875,21-Jul-1984,1.51908322702865,4
35.02158,-120.91782,1984,7,21,2,76.7,51,-0.107652039184432,1,19840713,19840726,14,3.071995533,2.310209888,0.46715936,32.34293843,-120.875,35.125,21-Jul-1984,1.61731640736555,9
35.31047,-121.96154,1984,7,22,2,73.3,60,0,1,19840721,19840726,6,1.939006555,1.736073275,0.151889739,10.41643965,-121.875,35.375,22-Jul-1984,1.42235872394189,2
35.88205,-122.36556,1984,7,24,2,70,60,-0.0473499291014696,1,19840720,19840726,7,2.328782206,1.960080182,0.282732042,13.72056128,-122.375,35.875,24-Jul-1984,1.57043832657237,5
36.18205,-121.72586,1984,7,24,2,70,51,0.051672061506733,1,19840719,19840726,8,2.736697153,2.090303289,0.432703552,16.72242631,-121.625,36.125,24-Jul-1984,2.10589033786875,6
36.78696,-122.05633,1984,7,24,2,66.7,50,0.473646824741999,1,19840722,19840728,7,2.46430493,2.064146896,0.336816365,14.44902827,-122.125,36.875,24-Jul-1984,2.06706188358482,3
36.62029,-122.41482,1984,7,25,2,66.7,55,0.265139879932321,1,19840722,19840726,5,2.398752146,2.275021797,0.118045487,11.37510898,-122.375,36.625,25-Jul-1984,1.98496533722502,4
36.45363,-122.77254,1984,7,25,2,66.7,60,0.316011607352703,1,19840720,19840726,7,2.372406105,1.949370505,0.28411991,13.64559354,-122.875,36.375,25-Jul-1984,1.7649079643347,6
37.20919,-122.83452,1984,7,27,2,63.3,55,0,1,19840722,19840728,7,1.958607727,1.687728178,0.216651792,11.81409724,-122.875,37.125,27-Jul-1984,1.32276093315395,6
33.81667,-121.84304,1984,10,10,3,80,70,0.327952327496889,1,19841009,19841014,6,2.600444223,2.158468916,0.329063084,12.95081349,-121.875,33.875,10-Oct-1984,2.54829453445902,2
34.38824,-122.24608,1986,2,19,4,76.7,70,-0.146220057749187,1,19860219,19860223,5,1.561034423,1.404132667,0.141274915,7.020663333,-122.125,34.375,19-Feb-1986,1.85529955422991,1
33.88953,-118.49033,1987,5,6,1,86.7,33,0.174944787252527,1,19870501,19870509,9,2.294053468,1.875637299,0.283837014,16.88073569,-118.375,33.875,06-May-1987,1.96730525556626,6
33.82286,-118.62873,1987,5,6,1,86.7,35,0.0659655744167744,1,19870504,19870509,6,2.421611383,2.022188738,0.347548677,12.13313243,-118.625,33.875,06-May-1987,2.10676448117075,3
33.87842,-120.13258,1987,5,10,1,83.3,51,-0.323860280094119,1,19870506,19870510,5,2.168641447,1.654346884,0.300046712,8.271734419,-120.125,33.875,10-May-1987,1.45560563418228,5
34.17842,-119.50851,1987,5,10,1,83.3,42,0.238562243750193,1,19870506,19870510,5,2.551727949,2.20092869,0.2977793,11.00464345,-119.625,34.125,10-May-1987,2.27242435129111,5
34.22509,-119.41124,1987,5,10,1,83.3,40.6,-0.42960845885042,1,19870505,19870510,6,2.458516074,2.127161487,0.338674578,12.76296892,-119.375,34.125,10-May-1987,2.09921820387881,6
34.2749,-120.02524,1987,5,10,1,81.8,46.9,0.493569371162318,1,19870506,19870524,19,2.712764602,2.08262204,0.405030247,39.56981876,-120.125,34.375,10-May-1987,2.57706028152048,5
34.45,-120.5239,1987,5,10,1,80,51,0.047459148073,1,19870508,19870524,17,2.645244809,1.977431601,0.406822016,33.61633723,-120.625,34.375,10-May-1987,1.66668878542832,3
30.41795,-123.99893,1989,4,19,1,90,120,-0.0533605735986709,1,19890417,19890422,6,1.71390612,1.437727241,0.179137669,8.626363444,-123.875,30.375,19-Apr-1989,1.95745236340032,3
31.08462,-122.66202,1989,4,20,1,90,100,-0.0400620035086785,1,19890417,19890421,5,1.152242643,1.106845283,0.039955091,5.534226416,-122.625,31.125,20-Apr-1989,1.37874524191775,4
34.22509,-119.41124,1990,4,28,1,83.3,40.6,-0.300809301428882,1,19900421,19900428,8,2.353570329,1.831744094,0.333663847,14.65395275,-119.375,34.125,28-Apr-1990,1.58496692964873,8
33.48462,-117.76808,1992,4,18,1,90,28,-0.689092349203693,1,19920401,19920518,48,3.160393624,2.387387639,0.440028535,114.5946067,-117.875,33.375,18-Apr-1992,2.68554785168354,18
33.41795,-117.90582,1992,4,18,1,90,30,-0.509326494398374,1,19920401,19920518,48,3.160393624,2.387387639,0.440028535,114.5946067,-117.875,33.375,18-Apr-1992,2.68554785168354,18
32.91795,-118.93551,1992,4,18,1,90,45,-0.206424837290828,1,19920404,19920429,26,2.055464763,1.488758623,0.297586024,38.70772421,-118.875,32.875,18-Apr-1992,1.86145469520898,15
32.65128,-119.48228,1992,4,19,1,90,53,-0.389005005542193,1,19920417,19920421,5,2.044535878,1.728424008,0.282812676,8.642120041,-119.375,32.625,19-Apr-1992,2.26855048470756,3
32.41795,-119.95935,1992,4,19,1,90,60,-0.131772005753703,1,19920411,19920421,11,1.93323676,1.351471444,0.393636234,14.86618588,-119.875,32.375,19-Apr-1992,2.02881167343143,9
33.15619,-120.00678,1992,7,8,2,86.7,55,-0.287589256313642,1,19920703,19920714,12,2.978574713,2.003101739,0.537793414,24.03722087,-120.125,33.125,08-Jul-1992,2.78400297555737,6
34.15,-121.15,1992,7,13,2,80,60,-0.330308316208206,1,19920712,19920719,8,2.705625306,2.246378066,0.360501537,17.97102453,-121.125,34.125,13-Jul-1992,2.32689047975145,2
34.72158,-121.54828,1992,7,15,2,76.7,60,-0.275850117960272,1,19920712,19920720,9,2.692229412,2.119744902,0.402313816,19.07770412,-121.625,34.625,15-Jul-1992,1.60244408165301,4
31.98953,-122.39323,1992,10,3,3,86.7,90,-0.25116972144239,1,19921001,19921006,6,1.714454507,1.552501187,0.145274232,9.315007123,-122.375,31.875,03-Oct-1992,1.80796286179162,3
31.65619,-123.0694,1992,10,3,3,86.7,100,0.15678182177413,1,19921001,19921010,10,1.873580603,1.666140579,0.156211959,16.66140579,-123.125,31.625,03-Oct-1992,1.86495655900505,3
32.57842,-122.81173,1992,10,4,3,83.3,90,-0.0359974235267717,1,19921001,19921007,7,1.887728697,1.629170575,0.119435219,11.40419403,-122.875,32.625,04-Oct-1992,1.54333850902349,4
33.15,-123.22099,1992,10,7,3,80,90,-0.0531242043653923,1,19921003,19921007,5,1.65545964,1.546365948,0.07887558,7.731829739,-123.125,33.125,07-Oct-1992,1.49135689603075,5
34.2749,-120.02524,1994,8,16,2,81.8,46.9,-0.348536574692865,1,19940816,19940820,5,3.084892893,2.699882638,0.295482878,13.49941319,-120.125,34.375,16-Aug-1994,1.45251397467598,1
33.48333,-122.53335,1994,10,12,3,80,80,-0.16407414674442,1,19941010,19941014,5,3.633002851,2.502164607,0.965540633,12.51082303,-122.625,33.375,12-Oct-1994,3.64069410880226,3
30.41795,-123.99893,1995,4,9,1,90,120,0.0223601403394476,1,19950406,19950412,7,1.780861397,1.313032229,0.261066286,9.191225601,-123.875,30.375,09-Apr-1995,1.55329416378782,4
30.75128,-123.33164,1995,4,10,1,90,110,-0.199013808240664,1,19950403,19950411,9,2.557840852,1.689249881,0.394048905,15.20324893,-123.375,30.875,10-Apr-1995,1.87618103005068,8
32.57842,-122.81173,1995,7,16,2,83.3,90,-0.241665447005679,1,19950716,19950723,8,2.067289543,1.744418399,0.249013455,13.9553472,-122.875,32.625,16-Jul-1995,1.37826420493823,1
31.75128,-121.31559,1996,2,3,4,90,80,0.0317089330424727,1,19960203,19960223,21,1.99434673,1.513793366,0.292242542,31.78966068,-121.375,31.875,03-Feb-1996,1.25040951745433,1
34.15,-121.15,1996,2,11,4,80,60,0.0441889409283585,1,19960211,19960215,5,1.431793223,1.407570057,0.023357808,7.037850283,-121.125,34.125,11-Feb-1996,1.49845204986197,1
33.81667,-121.84304,1996,2,12,4,80,70,-0.00705016079090859,1,19960212,19960218,7,1.873856263,1.643998497,0.202447046,11.50798948,-121.875,33.875,12-Feb-1996,1.4531935433377,1
33.48333,-122.53335,1996,2,12,4,80,80,-0.457542952040339,1,19960209,19960315,36,2.348408305,1.810521282,0.347919456,65.17876614,-122.625,33.375,12-Feb-1996,2.1686424824954,4
32.81667,-123.90599,1996,2,12,4,80,100,-0.184965390996911,1,19960203,19960324,51,2.643851847,1.88669313,0.379867956,96.22134963,-123.875,32.875,12-Feb-1996,1.82889922168331,10
34.05491,-122.94109,1996,2,13,4,76.7,80,0.487281794407697,1,19960212,19960219,8,1.738259125,1.545172253,0.188085769,12.36137802,-122.875,34.125,13-Feb-1996,1.63324312228944,2
33.18462,-118.38708,1997,7,7,2,90,37,-0.235018345749458,1,19970705,19970709,5,1.769819609,1.63452533,0.081254736,8.17262665,-118.375,33.125,07-Jul-1997,1.57369684115198,3
33.25128,-118.24971,1997,7,7,2,90,35,-0.346794676705692,1,19970705,19970710,6,1.94049849,1.722379971,0.172421882,10.33427983,-118.125,33.375,07-Jul-1997,1.79773582195184,3
33.88953,-118.49033,1997,7,8,2,86.7,33,0.0753861867597165,1,19970705,19970713,9,1.991211099,1.674313175,0.18409473,15.06881858,-118.375,33.875,08-Jul-1997,1.62026664028313,4
33.82286,-118.62873,1997,9,26,3,86.7,35,-0.511555580297485,1,19970922,19970926,5,2.129069601,1.967950543,0.146981195,9.839752713,-118.625,33.875,26-Sep-1997,1.42889262194734,5
31.75128,-121.31559,1998,1,27,4,90,80,-0.234558956362297,1,19980120,19980131,12,1.492836884,1.177325241,0.249680657,14.12790289,-121.375,31.875,27-Jan-1998,1.62986122828578,8
33.15,-123.22099,1998,2,8,4,80,90,-0.628957545145296,1,19980204,19980209,6,1.230090148,1.179214976,0.031277628,7.075289857,-123.125,33.125,08-Feb-1998,1.32231512878782,5
33.38824,-124.32289,1998,2,9,4,76.7,100,-0.684627728022193,1,19980205,19980209,5,1.430444983,1.326299701,0.060501262,6.631498506,-124.375,33.375,09-Feb-1998,1.59587055437168,5
32.41795,-119.95935,1998,6,18,2,90,60,-0.309475974674481,1,19980617,19980623,7,1.988450102,1.642575476,0.262648569,11.49802834,-119.875,32.375,18-Jun-1998,1.90075754292002,2
32.08462,-120.63872,1998,6,19,2,90,70,-0.460287059068643,1,19980611,19980627,17,2.565713286,1.823831898,0.367122352,31.00514227,-120.625,32.125,19-Jun-1998,2.57889761992063,9
31.75128,-121.31559,1998,6,19,2,90,80,-0.641323232722061,1,19980611,19980620,10,1.933093065,1.62065231,0.163546034,16.2065231,-121.375,31.875,19-Jun-1998,1.78236716131753,9
31.41795,-121.99001,1998,6,19,2,90,90,-0.652539193412026,1,19980611,19980623,13,1.395260233,1.318901617,0.035803585,17.14572102,-121.875,31.375,19-Jun-1998,1.38264035771669,9
32.91176,-122.12858,1998,6,21,2,83.3,80,-0.379384444708334,1,19980614,19980628,15,1.811280751,1.451261698,0.168785829,21.76892547,-122.125,32.875,21-Jun-1998,1.21474769049138,8
33.74509,-120.40923,1998,6,21,2,83.3,55,-0.0687286940403555,1,19980617,19980621,5,2.099330598,1.794484564,0.272961518,8.97242282,-120.375,33.625,21-Jun-1998,1.38896793097561,5
34.2749,-120.02524,1998,7,21,2,81.8,46.9,0.0388532516458642,1,19980720,19980727,8,2.829442752,2.49797905,0.229998674,19.9838324,-120.125,34.375,21-Jul-1998,1.9329521197453,2
34.45,-120.5239,1998,7,21,2,80,51,-0.384703222825892,1,19980716,19980727,12,3.372195672,2.724903654,0.368775609,32.69884384,-120.625,34.375,21-Jul-1998,2.02425645819067,6
34.31667,-120.80245,1998,7,21,2,80,55,-0.519213799087374,1,19980718,19980727,10,3.325354764,2.638998401,0.454788216,26.38998401,-120.875,34.375,21-Jul-1998,1.78997788473748,4
34.72158,-121.54828,1998,7,23,2,76.7,60,-0.327556941034148,1,19980723,19980727,5,2.297079128,1.849677085,0.379983829,9.248385424,-121.625,34.625,23-Jul-1998,1.26518519931078,1
34.88824,-121.19831,1998,7,23,2,76.7,55,0.0331139359571933,1,19980720,19980728,9,3.149653889,2.312679241,0.60622568,20.81411317,-121.125,34.875,23-Jul-1998,1.85209115107343,4
35.88205,-122.36556,1998,7,25,2,70,60,0.0473499291014701,1,19980725,19980729,5,2.216467692,2.000103474,0.253264834,10.00051737,-122.375,35.875,25-Jul-1998,1.8207236260714,1
33.74509,-120.40923,1998,8,16,2,83.3,55,0.0414867857472383,1,19980811,19980816,6,2.168836462,2.065306528,0.109355999,12.39183917,-120.375,33.625,16-Aug-1998,1.3724488493538,6
33.88953,-118.49033,2003,7,22,2,86.7,33,-0.484801853793713,1,20030718,20030722,5,2.586584253,1.991897316,0.39841482,9.959486581,-118.375,33.875,22-Jul-2003,1.34076569573009,5
33.82286,-118.62873,2003,7,22,2,86.7,35,0.152661126696774,1,20030718,20030723,6,2.907362105,2.155692645,0.453140589,12.93415587,-118.625,33.875,22-Jul-2003,1.48228194227354,5
34.17842,-119.50851,2003,7,26,2,83.3,42,-0.0721079693675617,1,20030719,20030727,9,2.697456685,2.290758258,0.270358709,20.61682432,-119.625,34.125,26-Jul-2003,1.85056153382107,8
34.22509,-119.41124,2003,7,26,2,83.3,40.6,-0.510990507806468,1,20030718,20030726,9,2.925211811,2.64729955,0.298179901,23.82569595,-119.375,34.125,26-Jul-2003,1.70633307478232,9
34.2749,-120.02524,2003,7,26,2,81.8,46.9,-0.284078585465947,1,20030724,20030728,5,2.979442749,2.512914167,0.420283667,12.56457083,-120.125,34.375,26-Jul-2003,2.12801074599838,3
33.15619,-120.00678,2004,1,12,4,86.7,55,-0.0837737922568258,1,20040109,20040115,7,1.531258362,1.428139756,0.10466873,9.996978295,-120.125,33.125,12-Jan-2004,1.58122009853997,4
32.98953,-120.34964,2004,1,13,4,86.7,60,-0.0273390456911626,1,20040105,20040117,13,1.832496267,1.46549357,0.243306016,19.05141641,-120.375,32.875,13-Jan-2004,1.89275913010565,9
32.81667,-123.90599,2004,1,18,4,80,100,-0.161484295147388,1,20040113,20040119,7,1.542028715,1.437910645,0.103871278,10.06537451,-123.875,32.875,18-Jan-2004,1.71746472430845,6
33.15,-123.22099,2004,7,25,2,80,90,0.41388815645228,1,20040718,20040728,11,1.76816345,1.478731305,0.187087459,16.26604436,-123.125,33.125,25-Jul-2004,1.73962689274791,8
33.48333,-122.53335,2005,7,13,2,80,80,-0.457900733400347,1,20050713,20050717,5,1.472542489,1.344828709,0.097992955,6.724143545,-122.625,33.375,13-Jul-2005,1.44834052848955,1
34.64381,-123.36439,2006,2,21,4,73.3,80,-0.550087031824704,1,20060221,20060225,5,1.426293956,1.369961846,0.051619216,6.849809231,-123.375,34.625,21-Feb-2006,1.44392018081464,1
33.18462,-118.38708,2006,7,14,2,90,37,-0.3630481593349,1,20060710,20060818,40,3.104580576,2.192895332,0.517092829,87.71581329,-118.375,33.125,14-Jul-2006,1.84148600400894,5
33.41795,-117.90582,2007,7,4,2,90,30,-0.263693222282441,1,20070704,20070709,6,1.965845997,1.793819852,0.174265647,10.76291911,-117.875,33.375,04-Jul-2007,1.52573393598028,1
33.48462,-117.76808,2007,7,4,2,90,28,-0.0728922893824588,1,20070704,20070709,6,1.965845997,1.793819852,0.174265647,10.76291911,-117.875,33.375,04-Jul-2007,1.52573393598028,1
33.49462,-117.74741,2007,7,4,2,90,27.7,-0.593062653554394,1,20070703,20070709,7,2.419522673,2.104165747,0.290659039,14.72916023,-117.625,33.375,04-Jul-2007,1.71726247639013,2
34.15,-121.15,2011,10,29,3,80,60,0.0352547525626259,1,20111027,20111031,5,1.840225032,1.715695856,0.072654169,8.57847928,-121.125,34.125,29-Oct-2011,1.57431918063129,3
31.98953,-122.39323,2013,1,19,4,86.7,90,-0.0156114858513756,1,20130119,20130123,5,1.38071238,1.299744834,0.078114637,6.498724171,-122.375,31.875,19-Jan-2013,1.4891327860384,1
30.41795,-123.99893,2014,7,9,2,90,120,0.0831325803458245,1,20140708,20140712,5,1.61384014,1.329734281,0.184792484,6.648671406,-123.875,30.375,09-Jul-2014,1.2836780607292,2
31.08462,-122.66202,2014,7,10,2,90,100,-0.0979520941182437,1,20140709,20140714,6,1.537410523,1.438715388,0.11389559,8.632292329,-122.625,31.125,10-Jul-2014,1.45678050595008,2
33.41795,-117.90582,2014,7,12,2,90,30,0.0515772124961509,1,20140704,20140712,9,2.704182491,2.362089716,0.361024867,21.25880744,-117.875,33.375,12-Jul-2014,1.64318644856642,9
33.48462,-117.76808,2014,7,12,2,90,28,0.0465440000938755,1,20140704,20140712,9,2.704182491,2.362089716,0.361024867,21.25880744,-117.875,33.375,12-Jul-2014,1.64318644856642,9
33.49462,-117.74741,2014,7,12,2,90,27.7,-0.583078432647793,1,20140704,20140712,9,2.885003601,2.544300774,0.364610523,22.89870697,-117.625,33.375,12-Jul-2014,1.69429860719917,9
31.65619,-123.0694,2014,7,15,2,86.7,100,0.382067209813741,1,20140709,20140725,17,2.200479423,1.504667596,0.342948384,25.57934913,-123.125,31.625,15-Jul-2014,1.12607196397767,7
34.05491,-122.94109,2014,7,17,2,76.7,80,1.08423021073286,1,20140716,20140724,9,3.245257992,2.035801519,0.796185696,18.32221367,-122.875,34.125,17-Jul-2014,1.27038943059973,2
33.81667,-121.84304,2014,7,18,2,80,70,0.896892639928104,1,20140717,20140724,8,3.562254319,2.459306672,0.777548632,19.67445337,-121.875,33.875,18-Jul-2014,2.23646331189576,2
34.72158,-121.54828,2014,7,19,2,76.7,60,0.132597527828271,1,20140707,20140826,51,4.588200777,2.311355678,0.735432526,117.8791396,-121.625,34.625,19-Jul-2014,2.88884719356579,13
35.02158,-120.91782,2014,7,20,2,76.7,51,0.026430076863738,1,20140716,20140724,9,3.654811502,2.825546532,0.487127158,25.42991879,-120.875,35.125,20-Jul-2014,2.34281498022911,5
35.08824,-120.7774,2014,7,20,2,76.7,49,-0.723145006269453,1,20140716,20140724,9,3.654811502,2.825546532,0.487127158,25.42991879,-120.875,35.125,20-Jul-2014,2.34281498022911,5
34.45,-120.5239,2014,7,20,2,80,51,0.227673036978046,1,20140706,20140724,19,3.945871613,2.84122146,0.753300144,53.98320774,-120.625,34.375,20-Jul-2014,2.80583185343203,15
31.08462,-122.66202,2014,11,12,3,90,100,-0.262249976711962,1,20141104,20150321,138,2.89172061,2.082232886,0.436868185,287.3481383,-122.625,31.125,12-Nov-2014,1.59106566508615,9
31.98953,-122.39323,2014,11,16,3,86.7,90,-0.571504872301758,1,20141113,20150329,137,3.095487047,2.018278889,0.535097766,276.5042078,-122.375,31.875,16-Nov-2014,1.66291887001989,4
32.57842,-122.81173,2014,11,17,3,83.3,90,-0.359303813901905,1,20141117,20150330,134,2.876529261,1.970422131,0.437395364,264.0365655,-122.875,32.625,17-Nov-2014,1.44119942546194,1
33.57842,-120.75443,2014,11,18,3,83.3,60,-0.351703656857756,1,20141115,20141229,45,2.611953754,1.889667445,0.390771446,85.03503502,-120.875,33.625,18-Nov-2014,1.84431144245625,4
33.87842,-120.13258,2014,11,18,3,83.3,51,-0.0642937584405383,1,20141115,20141228,44,3.396659748,2.275600743,0.528025873,100.1264327,-120.125,33.875,18-Nov-2014,1.52777943866536,4
34.31667,-120.80245,2014,11,18,3,80,55,0.142157673872416,1,20141104,20141230,57,2.972549787,2.150492781,0.396501423,122.5780885,-120.875,34.375,18-Nov-2014,1.81743557978234,15
34.15,-121.15,2014,11,19,3,80,60,0.0828370125385485,1,20141114,20141122,9,1.694661252,1.560564155,0.101506901,14.0450774,-121.125,34.125,19-Nov-2014,1.68316401410836,6
33.81667,-121.84304,2014,11,19,3,80,70,-0.393583504737871,1,20141118,20141123,6,1.490843808,1.415264876,0.05608136,8.491589253,-121.875,33.875,19-Nov-2014,1.54453403002709,2
33.15,-123.22099,2014,11,19,3,80,90,0.42399705035427,1,20141110,20150331,142,3.395082036,1.909895884,0.55014401,271.2052156,-123.125,33.125,19-Nov-2014,1.82610656156048,10
34.05491,-122.94109,2014,11,20,3,76.7,80,0.41179180028016,1,20141114,20150423,161,3.405597465,2.037532802,0.566252928,328.0427812,-122.875,34.125,20-Nov-2014,1.66171829310418,7
34.38824,-122.24608,2014,11,21,3,76.7,70,-0.1904694679664,1,20141117,20150423,158,3.342675145,2.103470596,0.495359922,332.3483541,-122.125,34.375,21-Nov-2014,1.85620181907801,5
34.88824,-121.19831,2014,11,21,3,76.7,55,-0.146873917982775,1,20141119,20150330,132,3.307512389,2.070063622,0.47290315,273.2483981,-121.125,34.875,21-Nov-2014,2.13691159825687,3
35.02158,-120.91782,2014,11,21,3,76.7,51,-0.683339358360891,1,20141119,20150227,101,3.945385542,2.320460842,0.565043508,234.3665451,-120.875,35.125,21-Nov-2014,2.23420096461433,3
35.08824,-120.7774,2014,11,21,3,76.7,49,0.154009093286923,1,20141119,20150227,101,3.945385542,2.320460842,0.565043508,234.3665451,-120.875,35.125,21-Nov-2014,2.23420096461433,3
34.46667,-120.48906,2014,11,22,3,80,50.5,-0.0430911862690206,1,20141104,20150330,147,3.42785183,2.231816825,0.41294196,328.0770733,-120.375,34.375,22-Nov-2014,1.79900498874033,19
34.45,-120.5239,2014,11,22,3,80,51,-0.0896335207388208,1,20141104,20150327,144,3.210953741,2.147588819,0.398151944,309.2527899,-120.625,34.375,22-Nov-2014,1.8713650822691,19
34.2749,-120.02524,2014,11,22,3,81.8,46.9,-0.415288651577448,1,20141104,20150330,147,3.620340095,2.301585697,0.434340683,338.3330975,-120.125,34.375,22-Nov-2014,1.78226828243479,19
34.31667,-120.80245,2015,1,27,4,80,55,-0.555762382610355,1,20150103,20150327,84,2.903016431,2.014374204,0.382018458,169.2074332,-120.875,34.375,27-Jan-2015,2.43833498414347,25
31.08462,-122.66202,2015,4,8,1,90,100,1.05864138224142,1,20150406,20150412,7,1.298862141,1.239580303,0.052321855,8.677062123,-122.625,31.125,08-Apr-2015,1.53789713328534,3
31.98953,-122.39323,2015,4,12,1,86.7,90,0.770461500482293,1,20150407,20150413,7,1.19157402,1.10177553,0.058847078,7.712428713,-122.375,31.875,12-Apr-2015,1.38088774888706,6
33.72158,-123.63335,2015,4,17,1,76.7,90,0.998376440353271,1,20150417,20150423,7,1.952054942,1.581893345,0.318531172,11.07325342,-123.625,33.625,17-Apr-2015,1.35133382297092,1
30.41795,-123.99893,2015,7,13,2,90,120,0.0673383131625926,1,20150701,20150719,19,3.298186876,2.406254615,0.491340619,45.71883769,-123.875,30.375,13-Jul-2015,3.31529389455188,13
30.75128,-123.33164,2015,7,13,2,90,110,0.0129936135297508,1,20150701,20150719,19,4.105071756,2.510370024,0.731314112,47.69703046,-123.375,30.875,13-Jul-2015,3.58289775439428,13
31.41795,-121.99001,2015,7,13,2,90,90,0.225146213805823,1,20150701,20150823,54,4.118286565,2.49545039,0.595077538,134.754321,-121.875,31.375,13-Jul-2015,3.39355282789105,13
31.75128,-121.31559,2015,7,14,2,90,80,-0.187064860961903,1,20150702,20151116,138,4.157565889,2.141423345,0.525405334,295.5164215,-121.375,31.875,14-Jul-2015,2.98704924931277,13
32.08462,-120.63872,2015,7,14,2,90,70,-0.443896642880474,1,20150702,20151116,138,4.340413393,2.34823146,0.574372642,324.0559414,-120.625,32.125,14-Jul-2015,2.5638509965802,13
33.15619,-120.00678,2015,7,16,2,86.7,55,-0.249244264237422,1,20150709,20150726,18,2.835739673,2.027607685,0.452045714,36.49693833,-120.125,33.125,16-Jul-2015,1.04273059867557,8
32.98953,-120.34964,2015,7,17,2,86.7,60,-0.422871150958194,1,20150702,20150727,26,3.670435402,2.156582486,0.611233742,56.07114464,-120.375,32.875,17-Jul-2015,3.49667545543543,16
34.2749,-120.02524,2015,7,19,2,81.8,46.9,-0.38474874734731,1,20150719,20150726,8,3.173211806,2.986482979,0.18510017,23.89186384,-120.125,34.375,19-Jul-2015,2.1638596070602,1
34.46667,-120.48906,2015,7,19,2,80,50.5,0.167674122645828,1,20150719,20150726,8,3.47265828,3.307556286,0.223460904,26.46045029,-120.375,34.375,19-Jul-2015,2.39105249037256,1
34.45,-120.5239,2015,7,19,2,80,51,-0.181628474084617,1,20150717,20150727,11,3.755871617,3.176825442,0.558516394,34.94507986,-120.625,34.375,19-Jul-2015,2.49889387975406,3
35.08824,-120.7774,2015,7,19,2,76.7,49,-1.17544267726408,1,20150709,20150727,19,3.436885554,2.423238138,0.651861856,46.04152463,-120.875,35.125,19-Jul-2015,2.83440966341823,11
35.02158,-120.91782,2015,7,19,2,76.7,51,-0.584773293904094,1,20150709,20150727,19,3.436885554,2.423238138,0.651861856,46.04152463,-120.875,35.125,19-Jul-2015,2.83440966341823,11
34.72158,-121.54828,2015,7,20,2,76.7,60,0.0446776674029876,1,20150706,20150831,57,3.679952264,2.429010531,0.533533384,138.4536003,-121.625,34.625,20-Jul-2015,2.89314024781638,15
34.31667,-120.80245,2015,7,22,2,80,55,-0.316250393631391,1,20150717,20150727,11,3.752579095,3.126539919,0.479903303,34.39193911,-120.875,34.375,22-Jul-2015,2.60333479864772,6
33.57842,-120.75443,2015,7,22,2,83.3,60,-0.322129801784664,1,20150709,20150829,52,3.798975722,2.552485478,0.543046909,132.7292448,-120.875,33.625,22-Jul-2015,1.81456917937425,14
33.72158,-123.63335,2016,1,20,4,76.7,90,0.522514190287102,1,20160116,20160131,16,1.723486666,1.452257982,0.164899044,23.23612771,-123.625,33.625,20-Jan-2016,1.77631302761854,5
32.08462,-120.63872,2016,4,5,1,90,70,0.531694497029236,1,20160404,20160424,21,2.805690553,1.604398407,0.500023736,33.69236655,-120.625,32.125,05-Apr-2016,1.30212671802092,2
32.65128,-119.48228,2016,4,6,1,90,53,-0.159977671298713,1,20160405,20160424,20,2.158655377,1.477266243,0.341480167,29.54532485,-119.375,32.625,06-Apr-2016,1.50936311820634,2
32.98953,-120.34964,2016,4,9,1,86.7,60,0.62752649811525,1,20160408,20160424,17,2.418251412,1.660866273,0.398358716,28.23472664,-120.375,32.875,09-Apr-2016,1.55620477410934,2
32.65619,-121.03339,2016,4,9,1,86.7,70,0.386433030452441,1,20160409,20160423,15,2.753483809,1.673845515,0.562906069,25.10768272,-121.125,32.625,09-Apr-2016,1.27204630999731,1
32.32286,-121.71457,2016,4,9,1,86.7,80,0.330846135107146,1,20160409,20160423,15,2.92735624,1.699278848,0.616021292,25.48918271,-121.625,32.375,09-Apr-2016,1.21796038259177,1
32.24509,-123.49232,2016,4,10,1,83.3,100,0.237370204097218,1,20160409,20160424,16,2.551736013,1.706732458,0.467009413,27.30771933,-123.375,32.125,10-Apr-2016,1.44679611104888,2
32.57842,-122.81173,2016,4,11,1,83.3,90,-0.185257604075122,1,20160402,20160424,23,2.984772661,1.729790794,0.507862203,39.78518826,-122.875,32.625,11-Apr-2016,1.80941641105818,10
32.91176,-122.12858,2016,4,11,1,83.3,80,0.00444569640142167,1,20160407,20160424,18,2.941584978,1.792457479,0.575222541,32.26423462,-122.125,32.875,11-Apr-2016,1.58468094111019,5
33.24509,-121.44283,2016,4,11,1,83.3,70,-0.638507899838409,1,20160404,20160424,21,2.874106974,1.694850018,0.557731061,35.59185038,-121.375,33.125,11-Apr-2016,1.69414803669496,8
34.2749,-120.02524,2016,4,12,1,81.8,46.9,0.26667795842658,1,20160408,20160412,5,1.656129728,1.497271667,0.11552337,7.486358337,-120.125,34.375,12-Apr-2016,1.59943411767347,5
34.46667,-120.48906,2016,4,12,1,80,50.5,-0.16174741815097,1,20160408,20160412,5,1.736274155,1.547187355,0.112309983,7.735936777,-120.375,34.375,12-Apr-2016,1.57604064759885,5
34.45,-120.5239,2016,4,12,1,80,51,0.566453568687938,1,20160408,20160412,5,1.795763889,1.539277825,0.182133203,7.696389124,-120.625,34.375,12-Apr-2016,1.72841147426576,5
34.88824,-121.19831,2016,4,13,1,76.7,55,-0.886667527694804,1,20160407,20160424,18,2.986243335,1.960890352,0.608878373,35.29602634,-121.125,34.875,13-Apr-2016,1.70179170494395,7
34.72158,-121.54828,2016,4,13,1,76.7,60,0.248811775562346,1,20160408,20160424,17,3.137440546,2.021064342,0.548130681,34.35809381,-121.625,34.625,13-Apr-2016,1.83217610168522,6
34.38824,-122.24608,2016,4,13,1,76.7,70,-0.287489119470254,1,20160409,20160423,15,2.743378971,1.727712522,0.574054849,25.91568784,-122.125,34.375,13-Apr-2016,1.53633398265727,5
34.05491,-122.94109,2016,4,13,1,76.7,80,0.233888816200518,1,20160409,20160424,16,2.521524137,1.638989012,0.527877841,26.22382419,-122.875,34.125,13-Apr-2016,1.62398633872999,5
33.72158,-123.63335,2016,4,14,1,76.7,90,-0.104957664217493,1,20160403,20160425,23,2.642054926,1.708699535,0.422242244,39.3000893,-123.625,33.625,14-Apr-2016,2.12930846427307,12
33.38824,-124.32289,2016,4,14,1,76.7,100,-0.857259185746517,1,20160402,20160426,25,2.542823257,1.792913479,0.421243856,44.82283697,-124.375,33.375,14-Apr-2016,2.25114808931123,13
32.81667,-123.90599,2016,4,14,1,80,100,-0.391434439517765,1,20160409,20160424,16,2.449796133,1.783091969,0.44803631,28.5294715,-123.875,32.875,14-Apr-2016,1.92059481429665,6
33.15,-123.22099,2016,4,14,1,80,90,-0.162152611930249,1,20160404,20160424,21,3.010863569,1.900441621,0.539903865,39.90927403,-123.125,33.125,14-Apr-2016,2.26848220951727,11
35.47714,-121.60901,2016,4,17,1,73.3,55,0.045357988786292,1,20160417,20160424,8,2.664181759,2.018111575,0.50313642,16.1448926,-121.625,35.375,17-Apr-2016,1.90108882366812,1
35.31047,-121.96154,2016,4,17,1,73.3,60,0.497766335173884,1,20160417,20160422,6,2.32640464,1.930805064,0.370304191,11.58483039,-121.875,35.375,17-Apr-2016,1.59007105175848,1
34.97714,-122.6644,2016,4,17,1,73.3,70,0.492996327381452,1,20160409,20160423,15,2.716834983,1.674809298,0.570956391,25.12213947,-122.625,34.875,17-Apr-2016,1.86491345038876,9
34.64381,-123.36439,2016,4,17,1,73.3,80,0.603484365340391,1,20160404,20160425,22,2.981354772,1.810292515,0.529268215,39.82643533,-123.375,34.625,17-Apr-2016,2.44916053941427,14
34.88205,-124.48047,2016,4,18,1,70,90,-0.311433725385554,1,20160403,20160425,23,2.548604782,1.69953426,0.401870014,39.08928798,-124.375,34.875,18-Apr-2016,2.77145252890536,16
35.21538,-123.77843,2016,4,18,1,70,80,-0.763532777002464,1,20160404,20160425,22,3.034071047,1.95689855,0.541284316,43.0517681,-123.875,35.125,18-Apr-2016,3.04401416559178,15
35.54872,-123.07348,2016,4,18,1,70,70,-0.428486433583082,1,20160404,20160425,22,2.955761664,1.845984696,0.483751695,40.61166332,-123.125,35.625,18-Apr-2016,2.46912083372604,15
35.88205,-122.36556,2016,4,18,1,70,60,0.11640398216363,1,20160417,20160422,6,2.720079118,2.246465981,0.252006106,13.47879589,-122.375,35.875,18-Apr-2016,3.07785459983264,2
36.04872,-122.01048,2016,4,18,1,70,55,0.174142284162774,1,20160417,20160422,6,2.729232344,2.135588662,0.326406393,12.81353197,-122.125,36.125,18-Apr-2016,2.89872072949025,2
36.18205,-121.72586,2016,4,19,1,70,51,0.272349953676382,1,20160417,20160423,7,2.980326913,2.359830592,0.413814829,16.51881415,-121.625,36.125,19-Apr-2016,2.13157996481515,3
36.78696,-122.05633,2016,4,19,1,66.7,50,0.097374425944909,1,20160418,20160422,5,1.793444241,1.584208029,0.182330113,7.921040146,-122.125,36.875,19-Apr-2016,1.31417351198973,2
36.62029,-122.41482,2016,4,19,1,66.7,55,0.126632012691026,1,20160417,20160423,7,2.006593064,1.742181465,0.257181898,12.19527026,-122.375,36.625,19-Apr-2016,1.75106743226645,3
36.45363,-122.77254,2016,4,19,1,66.7,60,0.27570015974771,1,20160402,20160425,24,2.446315195,1.72841507,0.386802937,41.48196168,-122.875,36.375,19-Apr-2016,2.05026466162001,18
36.12029,-123.48565,2016,4,19,1,66.7,70,0.274143172430857,1,20160402,20160425,24,3.131524857,1.935211589,0.447309583,46.44507814,-123.375,36.125,19-Apr-2016,2.1325484730392,18
35.78696,-124.19571,2016,4,20,1,66.7,80,0.12732465000951,1,20160402,20160425,24,2.563994811,1.734830484,0.400321757,41.63593162,-124.125,35.875,20-Apr-2016,2.62208660481828,19
35.45363,-124.90278,2016,4,20,1,66.7,90,0.0942555006692063,1,20160412,20160424,13,2.465582056,1.71468584,0.347807843,22.29091592,-124.875,35.375,20-Apr-2016,1.77333179744611,9
36.04252,-125.34152,2016,4,20,1,63.3,90,-0.299047680572432,1,20160403,20160426,24,2.534595251,1.657519116,0.283324398,39.78045879,-125.375,36.125,20-Apr-2016,1.75924925626028,18
36.37586,-124.62912,2016,4,20,1,63.3,80,-0.0872692182462533,1,20160405,20160424,20,2.430862849,1.73594274,0.320634581,34.7188548,-124.625,36.375,20-Apr-2016,2.23777198738112,16
37.04252,-123.19502,2016,4,21,1,63.3,60,0.208567825816123,1,20160417,20160422,6,2.605526335,2.290380447,0.243947526,13.74228268,-123.125,37.125,21-Apr-2016,2.29868455136553,5
37.20919,-122.83452,2016,4,21,1,63.3,55,0.246420431740131,1,20160417,20160422,6,2.560848183,2.270177613,0.24113762,13.62106568,-122.875,37.125,21-Apr-2016,2.28608810324505,5
37.30919,-122.61783,2016,4,21,1,63.3,52,0.104964106052628,1,20160417,20160422,6,2.4345476,2.231823264,0.148591706,13.39093958,-122.625,37.375,21-Apr-2016,2.26750359067531,5
36.70919,-123.91364,2017,4,18,1,63.3,70,0.434329886905665,1,20170417,20170422,6,1.395989705,1.331365195,0.042101944,7.98819117,-123.875,36.625,18-Apr-2017,1.41639823844208,2
36.04252,-125.34152,2017,4,18,1,63.3,90,0.237195026265887,1,20170417,20170423,7,1.764595268,1.556878369,0.181805235,10.89814858,-125.375,36.125,18-Apr-2017,1.94526194016286,2
32.08462,-120.63872,2018,2,3,4,90,70,-0.0710228597545877,1,20180203,20180210,8,1.527041022,1.396207735,0.104008513,11.16966188,-120.625,32.125,03-Feb-2018,1.37780701434872,1
34.72158,-121.54828,2018,2,9,4,76.7,60,-0.0546870137864848,1,20180204,20180209,6,1.537777092,1.305419941,0.148041993,7.832519643,-121.625,34.625,09-Feb-2018,1.39371447741111,6
31.91176,-124.1704,2018,4,15,1,83.3,110,-0.152401096863093,1,20180408,20180415,8,1.562263162,1.292855176,0.170419579,10.34284141,-124.125,31.875,15-Apr-2018,1.43058870916141,8
30.41795,-123.99893,2018,4,8,1,90,120,-0.334187183174365,1,20180406,20180410,5,1.345118738,1.217442495,0.086783745,6.087212474,-123.875,30.375,08-Apr-2018,1.6028716040832,3
